id,name,mood
angry1,"10_Ridin_Chamillionaire,sway",angry
angry2,11_Rootless_TreeDamien_Rice,angry
angry3,12_RushTalib_Kweli,angry
angry4,13_Screaming_For_VengeanceJudas_Priest,angry
angry5,"14_Send_It_UpKing_Louie,Kanye_West",angry
angry6,15_SermonDrowning_Pool,angry
angry7,16_Shade_Of_BlueBlack_Rebel_Motorcycle_Club,angry
angry8,17_ShitlistL7,angry
angry9,18_SickAdelitas_Way,angry
angry10,19_Skinny_Little_BitchHole,angry
angry11,1__Till_I_CollapseEminem,angry
angry12,20_SkinnymanStatic-X,angry
angry13,21_So_BadEminem,angry
angry14,22_SomebodyBlue_October,angry
angry15,23_Something_Told_MeCoal_Chamber,angry
angry16,24_Somewhat_DamagedNine_Inch_Nails,angry
angry17,25_South_Of_HeavenSlayer,angry
angry18,26_Sowing_SeasonBrand_New,angry
angry19,27_Space_BoundEminem,angry
angry20,28_SpaceshipKanye_West,angry
angry21,29_SpadeMarilyn_Manson,angry
angry22,2_25_To_LifeEminem,angry
angry23,30_St._AngerMetallica,angry
angry24,31_StanEminem,angry
angry25,"32_Starfuckers,_Inc.Nine_Inch_Nails",angry
angry26,33_Stationary_StationeryAnberlin,angry
angry27,35_sum_41skumfuk,angry
angry28,36_Summer_CannibalsPatti_Smith,angry
angry29,37_Surviving_The_TimesNas,angry
angry30,38_Sweet_AmberMetallica,angry
angry31,3_A_Century_EndsDavid_Gray,angry
angry32,41_Tell_That_Mick_He_Just_Made_My_List_Of_Things_To_Do_TodayFall_Out_Boy,angry
angry33,42_Thanks_For_NothingSum_41,angry
angry34,43_The_Angry_MobKaiser_Chiefs,angry
angry35,44_The_ChannelLimp_Bizkit,angry
angry36,45_The_Enemy_(Album_Version)Roadrunner_United,angry
angry37,46_The_Four_HorsemenMetallica,angry
angry38,47_The_KeyLimp_Bizkit,angry
angry39,48_The_Life_And_Death_Of_Mr._BadmouthPj_Harvey,angry
angry40,49_The_PriestLimp_Bizkit,angry
angry41,50_The_PropagandaLimp_Bizkit,angry
angry42,51_The_RipperJudas_Priest,angry
angry43,52_The_StoryLimp_Bizkit,angry
angry44,53_The_SurrenderLimp_Bizkit,angry
angry45,54_The_UnforgivenMetallica,angry
angry46,55_The_Unnamed_FeelingMetallica,angry
angry47,56_The_Way_I_AmEminem,angry
angry48,57_Time_for_You_to_GoSum_41,angry
angry49,59_Underclass_HeroSum_41,angry
angry50,5_Rain_ManEminem,angry
angry51,60_Use_Your_Fist_And_Not_Your_MouthMarilyn_Manson,angry
angry52,61_VioletHole,angry
angry53,62_WantNatalie_Imbruglia,angry
angry54,63_Want_You_BadThe_Offspring,angry
angry55,64_WargasmL7,angry
angry56,65_We_Re_All_To_BlameSUM_41,angry
angry57,66_What_Are_YouDavid_Gray,angry
angry58,67_Wherever_I_May_RoamMetallica,angry
angry59,68_Who_KnewEminem,angry
angry60,69_Who_The_Fuck_Pj_Harvey,angry
angry61,6_Reason_to_BelieveSum_41,angry
angry62,70_With_TeethNine_Inch_Nails,angry
angry63,71_You_Could_Be_MineGuns_N__Roses,angry
angry64,7_RequiemLamb_of_God,angry
angry65,8_Rid_Of_MePj_Harvey,angry
angry66,9_Ride_The_LightningMetallica,angry
angry67,10_Before_You_DieBad_Religion,angry
angry68,11_Blood_RedSlayer,angry
angry69,12_You_Oughta_KnowAlanis_Morissette,angry
angry70,13_Blood_RosesTori_Amos,angry
angry71,14_Break_StuffLimp_Bizkit,angry
angry72,15_Breaking_The_LawJudas_Priest,angry
angry73,16_Breaking_Your_Own_HeartKelly_Clarkson,angry
angry74,17_Burn_In_My_LightMercy_Drive,angry
angry75,18_Cage_The_BeastAdelitas_Way,angry
angry76,19_Civil_WarGuns_N__Roses,angry
angry77,1_All_Messed_UpSum_41,angry
angry78,20_Cleanin_Out_My_ClosetEminem,angry
angry79,21_Costume_Makes_The_ClownShakira,angry
angry80,22_Creeping_DeathMetallica,angry
angry81,23_CriminalEminem,angry
angry82,24_Dark_SideKelly_Clarkson,angry
angry83,25_Dead_And_GoneT.I.,angry
angry84,26_Dead_BeatA_Place_To_Bury_Strangers,angry
angry85,27_Dear_FatherSum_41,angry
angry86,28_Defy_YouThe_Offspring,angry
angry87,29_do_what_they_sayKorn,angry
angry88,2_All_Nightmare_LongMetallica,angry
angry89,30_Don_T_CryGuns_N__Roses,angry
angry90,31_Dope_HatMarilyn_Manson,angry
angry91,32_Eat_You_AliveLimp_Bizkit,angry
angry92,33_eminemno_afraid,angry
angry93,"34_Endless,_NamelessNirvana",angry
angry94,35_Enter_SandmanMetallica,angry
angry95,36_ErasedAnnie_Lennox,angry
angry96,37_ever_beKorn,angry
angry97,38_EvolutionKorn,angry
angry98,39_ExitLongwave,angry
angry99,3_American_Idiot_(Album_Version)Green_Day,angry
angry100,40_Eyeless_[Explicit]Slipknot,angry
angry101,41_Fat_LipSUM_41,angry
angry102,42_Flat_On_The_FloorNickelback,angry
angry103,43_FuelMetallica,angry
angry104,44_Get_Me_GoneFort_Minor,angry
angry105,45_Going_Through_ChangesEminem,angry
angry106,46_GoneKelly_Clarkson,angry
angry107,47_Gunpowder_&_LeadMiranda_Lambert,angry
angry108,48_Handle_ThisSUM_41,angry
angry109,49_Hardly_WaitPj_Harvey,angry
angry110,4_Angry_AgainMegadeth,angry
angry111,50_HeresyNine_Inch_Nails,angry
angry112,51_Hero_of_the_Soviet_UnionThe_Dillinger_Escape_Plan,angry
angry113,52_Hide_And_SeekDannii_Minogue,angry
angry114,53_Hit_The_LightsMetallica,angry
angry115,54_Holiday_(Album_Version)Green_Day,angry
angry116,55_HurtAdelitas_Way,angry
angry117,56_I_Ain_T_Goin__Out_Like_ThatCypress_Hill,angry
angry118,58_I_Hate_Everything_About_YouThree_Days_Grace,angry
angry119,59_I_M_BackEminem,angry
angry120,5_Annihilation_By_The_Hands_Of_God_(Album_Version)Roadrunner_United,angry
angry121,60_In_My_Darkest_HourMegadeth,angry
angry122,61_Jesus_Christ_PoseSoundgarden,angry
angry123,63_’Till_I_CollapseEminem_feat._Nate_Dogg,angry
angry124,64_Kill_YouEminem,angry
angry125,65_kissKorn,angry
angry126,66_Kiss_OffViolent_Femmes,angry
angry127,67_Lamb_Of_GodMarilyn_Mans,angry
angry128,68_Leper_MessiahMetallica,angry
angry129,69_Let_Me_DownKelly_Clarkson,angry
angry130,6_Another_Time_AroundSum_41,angry
angry131,70_LiberateDisturbed,angry
angry132,71_Like_Toy_SoldiersEminem,angry
angry133,72_Limp_BizkitThe_Truth,angry
angry134,73_Little_SmirkTheory_Of_A_Deadman,angry
angry135,74_Lose_YourselfEminem,angry
angry136,75_LunchboxMarilyn_Manson,angry
angry137,76_Marshall_MathersEminem,angry
angry138,77_Master_Of_PuppetsMetallica,angry
angry139,78_MaybeKelly_Clarkson,angry
angry140,79_MotivationSUM_41,angry
angry141,7_AwakenDisturbed,angry
angry142,80_MotorbreathMetallica,angry
angry143,81_Mr._Know_It_AllKelly_Clarkson,angry
angry144,82_Music_BoxEminem,angry
angry145,83_My_DerailmentAdelitas_Way,angry
angry146,84_My_Life_Would_Suck_Without_YouKelly_Clarkson,angry
angry147,85_Never_AgainKelly_Clarkson,angry
angry148,86_NookieLimp_Bizkit,angry
angry149,87_Nothing_Else_MattersMetallica,angry
angry150,88_One_MicNas,angry
angry151,89_OnlyNine_Inch_Nails,angry
angry152,8_Ballad_Of_Ira_HayesJohnny_Cash,angry
angry153,90_OrchidsStone_Sour,angry
angry154,91_Paint_It_BlackVanessa_Carlton,angry
angry155,92_PancakeTori_Amos,angry
angry156,93_Physical_(You_Re_So)Nine_Inch_Nails,angry
angry157,94_Pick_Up_the_PhoneFalling_In_Reverse,angry
angry158,95_Picture_To_BurnTaylor_Swift,angry
angry159,96_PigSparklehorse,angry
angry160,97_Playing_Your_SongHole,angry
angry161,98_Pretend_We_Re_DeadL7,angry
angry162,99_Pretty_Fly_(For_A_White_Guy)The_Offspring,angry
angry163,99_Pretty_Fly_(For_A_White_Guy)The_Offspring.mp3,angry
angry164,9_BatteryMetallica,angry
happy1,100_We_re_Going_To_Be_FriendsThe_White_Stripes,happy
happy2,102_Whatever_You_Like_(Single_Version)Anya_Marina,happy
happy3,103_When_I_GoSlow_Club,happy
happy4,"104_Whenever,_WhereverShakira",happy
happy5,105_WordsThe_Monkees,happy
happy6,106_Year_3000Jonas_Brothers,happy
happy7,10_And_Then_YouGreg_Laswell,happy
happy8,11_AstronautJust_Jack,happy
happy9,"12_AustraliaThe,shins",happy
happy10,13_BackyardGood_Lovelies,happy
happy11,14_Barbie_GirlAqua,happy
happy12,15_Beautiful_GirlsSean_Kingston,happy
happy13,16_Beautiful_SoulJesse_Mccartney,happy
happy14,17_Beauty_In_The_WorldMacy_Gray,happy
happy15,18_Best_Day_Of_My_LifeAmerican_Authors,happy
happy16,19_Billionaire_(Feat._Bruno_Mars)Travie_Mccoy,happy
happy17,1_1(If_Youre_Wondering_If_I_Want_You_To)_I_Want_You_ToWeezer,happy
happy18,20_Billy_BrownMIKA,happy
happy19,21_Bourgeois_Shangri-Lamiss_li,happy
happy20,22_BreakdownJack_Johnson,happy
happy21,23_Marry_YouBruno_Mars,happy
happy22,24_Me_And_YouRingo_Starr,happy
happy23,25_MeanTaylor_Swift,happy
happy24,26_MineTaylor_Swift,happy
happy25,27_MiseryMaroon_5,happy
happy26,28_MobileAvril_Lavigne,happy
happy27,29_Modern_NatureSondre_Lerche,happy
happy28,2_1234Feist,happy
happy29,30_Move_Your_FeetJunior_Senior,happy
happy30,31_Moves_Like_JaggerMaroon_5,happy
happy31,32_Mrs._T.Good_Lovelies,happy
happy32,33_My_BabyBritney_Spears,happy
happy33,34_Never_KnowJack_Johnson,happy
happy34,35_No_Escape_From_The_BluesMuddy_Waters,happy
happy35,36_On_The_Road_To_RuinThe_Notorious_Cherry_Bombs,happy
happy36,37_On_Top_Of_The_WorldImagine_Dragons,happy
happy37,38_OthersideViva_Brother,happy
happy38,39_Pacific_Coast_PartySmash_Mouth,happy
happy39,3_5_Years_TimeNoah_And_The_Whale,happy
happy40,40_Party_Til_You_PukeAndrew_W.K.,happy
happy41,41_Pass_OutTinie_Tempah,happy
happy42,42_Pencil_Full_Of_LeadPaolo_Nutini,happy
happy43,43_Plagecrystal_fighters,happy
happy44,44_Pleasant_Valley_SundayThe_Monkees,happy
happy45,45_PleaseTristan_Prettyman,happy
happy46,46_Pocketful_Of_SunshineNatasha_Bedingfield,happy
happy47,47_Polythene_Queenmiss_li,happy
happy48,48_Pumped_up_Kicks_(Album_Version)Foster_The_People,happy
happy49,49_Roll_On_Down_The_HighwayBachman-Turner_Overdrive,happy
happy50,4_93_Million_MilesJason_Mraz,happy
happy51,50_Roll_To_MeDel_Amitri,happy
happy52,51_Santa_BabyTaylor_Swift,happy
happy53,52_SatisfiedRingo_Starr,happy
happy54,53_Saturday_S_ChildThe_Monkees,happy
happy55,54_Say_Hey_(I_Love_You)Michael_Franti_&_Spearhead,happy
happy56,55_Second_HandBachman-Turner_Overdrive,happy
happy57,56_Shades_Of_GrayThe_Monkees,happy
happy58,57_Shake_Up_Christmas_2011Natasha_Bedingfield,happy
happy59,58_SheThe_Monkees,happy
happy60,59_Shock_Me_Into_LoveLenka,happy
happy61,5_A_Name_In_This_TownJosh_Thompson,happy
happy62,60_Should_Ve_Said_NoTaylor_Swift,happy
happy63,"61_Shy_That_WayTristan_Prettyman,Jason_Mraz",happy
happy64,62_SmokeTristan_Prettyman,happy
happy65,63_So_Much_Lovethe_rocket_summer,happy
happy66,64_Some_Nights_(Intro)Fun.,happy
happy67,65_SomedaysRoom_Eleven,happy
happy68,66_Something_Good_Can_WorkTwo_Door_Cinema_Club,happy
happy69,67_Sometime_In_The_MorningThe_Monkees,happy
happy70,68_Songs_Like_ThisCarrie_Underwood,happy
happy71,69_Stacy_s_MomFountains_of_Wayne,happy
happy72,6_AlfieLily_Allen,happy
happy73,70_Stay_The_NightJames_Blunt,happy
happy74,71_StutterMaroon_5,happy
happy75,72_Summer_Sunshine_(Album_Version)The_Corrs,happy
happy76,73_SunshineMatt_Costa,happy
happy77,74_Sunshine_In_The_RainBwo,happy
happy78,75_Sweet_SixteenHilary_Duff,happy
happy79,76_Take_A_Giant_StepThe_Monkees,happy
happy80,77_Take_It_OffAndrew_W.K.,happy
happy81,78_The_AirwayOwl_City,happy
happy82,79_The_Day_I_DiedJust_Jack,happy
happy83,7_All_StarSmash_Mouth,happy
happy84,80_The_Girl_I_Knew_SomewhereThe_Monkees,happy
happy85,81_The_Lazy_SongBruno_Mars,happy
happy86,82_The_Love_That_HarmsJohn_Hiatt,happy
happy87,83_The_Saltwater_RoomOwl_City,happy
happy88,84_The_ShowLenka,happy
happy89,85_The_TurnaroundRingo_Starr,happy
happy90,86_To_All_The_GirlsAaron_Carter,happy
happy91,87_Tonight_TonightHot_Chelle_Rae,happy
happy92,88_Top_Of_The_WorldCarpenters,happy
happy93,89_TreacherousTaylor_Swift,happy
happy94,8_All_The_Pretty_GirlsFun.,happy
happy95,90_True_LoveThe_Fabulous_Thunderbirds,happy
happy96,91_Two_Doors_DownMark_Burchfield,happy
happy97,92_Up_And_UpRelient_K,happy
happy98,93_ValleriThe_Monkees,happy
happy99,94_Wait_A_MinuteThe_Notorious_Cherry_Bombs,happy
happy100,95_Wake_Me_Up_Before_You_Go_GoWham,happy
happy101,96_Walking_On_SunshineKatrina_And_The_Waves,happy
happy102,97_Walking_The_DogFun.,happy
happy103,98_We_Are_GoldenMIKA,happy
happy104,99_We_Will_Not_Grow_OldLenka,happy
happy105,9_AmnesiaThe_Fabulous_Thunderbirds,happy
happy106,100_Man!_I_Feel_Like_A_Woman!Shania_Twain,happy
happy107,10_Chloe_(You_re_The_One_I_Want)Emblem3,happy
happy108,11_Choose_LoveRingo_Starr,happy
happy109,12_Come_To_My_WindowMelissa_Etheridge,happy
happy110,13_Crashed_The_WeddingBusted,happy
happy111,14_Cuddly_ToyThe_Monkees,happy
happy112,15_CupsAnna_Kendrick,happy
happy113,16_CuteDavid_Steinberg,happy
happy114,17_Dancing_In_The_MoonlightToploader,happy
happy115,18_DannyboyYoungblood_Hawke,happy
happy116,19_Daydream_BelieverThe_Monkees,happy
happy117,1_Anyone_Of_Us_(Stupid_Mistake)Gareth_Gates,happy
happy118,20_DaylightMatt_&_Kim,happy
happy119,21_DementiaOwl_City,happy
happy120,22_Do_Ya_ThangRihanna,happy
happy121,23_Doing_Fine_(Without_You)Pixie_Lott,happy
happy122,24_Don_t_Leave_Me_(Ne_Me_Quitte_Pas)regina_spektor,happy
happy123,25_Don_T_Let_The_Man_Get_You_DownFatboy_Slim,happy
happy124,26_Don_T_Stop_Me_NowQueen,happy
happy125,27_Don_T_Stop_Movin_S_Club_7,happy
happy126,28_Dream_Catch_MeNewton_Faulkner,happy
happy127,29_Electric_DaydreamViva_Brother,happy
happy128,2_Around_The_WorldAqua,happy
happy129,30_End_Of_The_LineTraveling_Wilburys,happy
happy130,31_Every_Little_ThingGood_Lovelies,happy
happy131,32_EverydaySausalito_Foxtrot,happy
happy132,33_Everything_At_OnceLenka,happy
happy133,34_Falling_UpJohn_Hiatt,happy
happy134,35_FascinationAlphabeat,happy
happy135,36_Favorite_SongColbie_Caillat,happy
happy136,37_FirefliesOwl_City,happy
happy137,38_Forget_That_GirlThe_Monkees,happy
happy138,39_FoundationsKate_Nash,happy
happy139,3_BruisesChairlift,happy
happy140,40_FreeGood_Lovelies,happy
happy141,41_Fun.All_The_Pretty_Girls,happy
happy142,42_Funny_Little_Frogbelle_and_sebastian,happy
happy143,43_Get_LostPatrick_Wolf,happy
happy144,44_Get_Luckydragonette,happy
happy145,45_Girl_In_Your_DreamsM2M,happy
happy146,46_Glad_You_CameThe_Wanted,happy
happy147,47_GoldOwl_City,happy
happy148,48_Good_DayNappy_Roots,happy
happy149,49_Goodness_GraciousEllie_Goulding,happy
happy150,4_BubblyColbie_Caillat,happy
happy151,50_Great_DivideHanson,happy
happy152,51_HappyNatasha_Bedingfield,happy
happy153,52_HappyPharrell_Williams,happy
happy154,53_Heart_Of_A_Jealous_ManThe_Notorious_Cherry_Bombs,happy
happy155,54_HelloTristan_Prettyman,happy
happy156,55_Here_Comes_The_SunThe_Beatles,happy
happy157,56_Hey_JulieFountains_of_Wayne,happy
happy158,57_Hey_Man_(Now_You_Re_Really_Living)Eels,happy
happy159,58_Hey_Scenesters!The_Cribs,happy
happy160,"59_Hey,_Soul_SisterTrain",happy
happy161,5_Captains_And_Cruise_ShipsOwl_City,happy
happy162,60_Holiday_In_My_HeadSmash_Mouth,happy
happy163,61_Hot_Air_BalloonOwl_City,happy
happy164,62_I_Can_See_Clearly_NowJimmy_Cliff,happy
happy165,63_I_Could_Be_The_One_(_Lp_Version_)Donna_Lewis,happy
happy166,64_I_Feel_It_AllFeist,happy
happy167,65_I_Feel_Like_Going_HomeMuddy_Waters,happy
happy168,66_I_Love_NycAndrew_W.K.,happy
happy169,67_I_Ll_Be_Your_ManJames_Blunt,happy
happy170,68_I_M_A_BelieverThe_Monkees,happy
happy171,69_You_Just_May_Be_The_OneThe_Monkees,happy
happy172,6_Carried_AwayPassion_Pit,happy
happy173,70_I_m_YoursJason_Mraz,happy
happy174,71_If_I_Ever_Break_Your_HeartThe_Notorious_Cherry_Bombs,happy
happy175,72_In_the_summertimeMungo_jerry,happy
happy176,73_It_Gets_BetterFun.,happy
happy177,74_It_s_a_Beautiful_DayMichael_Bubl,happy
happy178,75_It_S_AmazingJem,happy
happy179,76_It_S_Not_Over_(Death_Or_The_Toy_Piano)The_Puppini_Sisters,happy
happy180,77_Iyiyi_(Feat._Flo_Rida)Cody_Simpson,happy
happy181,78_Junk_Of_The_Heart_(Happy)The_Kooks,happy
happy182,79_King_Of_AnythingSara_Bareilles,happy
happy183,7_Cartoon_HeroesAqua,happy
happy184,80_Kiss_Me_SlowlyParachute,happy
happy185,81_L.I.F.E.G.O.E.S.O.N.Noah_And_The_Whale,happy
happy186,82_La_Isla_BonitaMadonna,happy
happy187,83_Last_Train_To_ClarksvilleThe_Monkees,happy
happy188,84_LdnLily_Allen,happy
happy189,85_LemonadeChris_Rice,happy
happy190,86_Listen_To_The_BandThe_Monkees,happy
happy191,87_Littlest_ThingsLily_Allen,happy
happy192,88_LollipopAqua,happy
happy193,89_LollipopMika,happy
happy194,8_CasketsDamien_Jurado,happy
happy195,90_Look_Out_(Here_Comes_Tomorrow)The_Monkees,happy
happy196,91_Love_GenerationBob_Sinclar,happy
happy197,92_Love_Love_Love_(Album_Version)Tristan_Prettyman,happy
happy198,93_Love_Will_Keep_Us_AliveEagles,happy
happy199,94_Love_You_Like_A_Love_SongSelena_Gomez_&_The_Scene,happy
happy200,95_LovefoolThe_Cardigans,happy
happy201,96_Loving_You_TonightAndrew_Allen,happy
happy202,"97_LuckyColbie_Caillat,Jason_Mraz",happy
happy203,98_LunaBombay_Bicycle_Club,happy
happy204,99_Making_Memories_Of_UsThe_Notorious_Cherry_Bombs,happy
happy205,9_Catholic_Paganssurfer_blood,happy
relaxed1,100_You_Belong_To_MeJason_Wade,relaxed
relaxed2,101_You_Took_My_Heart_AwayMichael_Learns_To_Rock,relaxed
relaxed3,10_Air_TrafficOwl_City,relaxed
relaxed4,11_All_About_Your_HeartMindy_Gledhill,relaxed
relaxed5,12_All_The_WayCraig_David,relaxed
relaxed6,13_Always_Getting_Over_YouAngela_Ammons,relaxed
relaxed7,14_Amazing_GraceOlivia_Ong,relaxed
relaxed8,15_At_Or_With_MeJack_Johnson,relaxed
relaxed9,16_Aubrey_(Lp_Version)Bread,relaxed
relaxed10,17_Be_StillKari_Jobe,relaxed
relaxed11,18_Because_Trees_Can_FlyLampshade,relaxed
relaxed12,19_Behind_These_Hazel_EyesKelly_Clarkson,relaxed
relaxed13,1_(I_Ll_Never_Be)_Your_Maggie_MaySuzanne_Vega,relaxed
relaxed14,20_Better_Than_A_HallelujahAMY_GRANT,relaxed
relaxed15,21_Better_TogetherJack_Johnson,relaxed
relaxed16,22_Between_SheetsImogen_Heap,relaxed
relaxed17,23_Blonde_On_BlondeNada_Surf,relaxed
relaxed18,24_Blue_SkiesLady_&_Bird,relaxed
relaxed19,25_Boogie_StreetLeonard_Cohen,relaxed
relaxed20,26_BostonAugustana,relaxed
relaxed21,27_BreatheTelepopmusik,relaxed
relaxed22,28_BreezeSophie_Zelmani,relaxed
relaxed23,29_But_For_NowJamie_Cullum,relaxed
relaxed24,2_1234Feist,relaxed
relaxed25,30_By_Our_LoveChristy_Nockels,relaxed
relaxed26,31_Chapter_SixKendrick_Lamar,relaxed
relaxed27,32_Please_SisterThe_Cardigans,relaxed
relaxed28,33_Preparing_To_LeaveLunik,relaxed
relaxed29,34_Proud_Of_You,relaxed
relaxed30,35_Raise_Your_VoicesSecret_Garden,relaxed
relaxed31,36_ReliefChris_Garneau,relaxed
relaxed32,37_return_to_meoctober_project,relaxed
relaxed33,38_Right_Next_To_The_Right_OneTim_Christensen,relaxed
relaxed34,39_Sad_NewsChris_Garneau,relaxed
relaxed35,3_7_DaysCraig_David,relaxed
relaxed36,40_Safe_And_SoundAzure_Ray,relaxed
relaxed37,41_Save_Me_From_MyselfChristina_Aguilera,relaxed
relaxed38,42_Say_HelloRosie_Thomas,relaxed
relaxed39,43_Scarborough_FairSarah_Brightman,relaxed
relaxed40,44_Seven_Days_In_Sunny_JuneJamiroquai,relaxed
relaxed41,45_Seven_YearsNorah_Jones,relaxed
relaxed42,46_SeventeenKeren_Ann,relaxed
relaxed43,47_SextapeDeftones,relaxed
relaxed44,48_She_S_The_OneRobbie_Williams,relaxed
relaxed45,49_Shining_Friends,relaxed
relaxed46,4_A_Good_Day_(Morning_Song)Priscilla_Ahn,relaxed
relaxed47,50_Should_It_MatterSissel,relaxed
relaxed48,51_Should_You_ReturnCopeland,relaxed
relaxed49,52_Silver_LiningKacey_Musgraves,relaxed
relaxed50,53_Sleep_With_YouEgil_Olsen,relaxed
relaxed51,54_Small_HoursJohn_Martyn,relaxed
relaxed52,55_So_FarChris_Garneau,relaxed
relaxed53,56_Somebody_That_I_Used_To_KnowGotye,relaxed
relaxed54,57_SometimesBritney_Spears,relaxed
relaxed55,58_Speak_Your_HeartLizz_Wright,relaxed
relaxed56,59_Stay_The_SameJoey_Mcintyre,relaxed
relaxed57,5_A_Little_Love,relaxed
relaxed58,60_Stephanie_SaysLady_&_Bird,relaxed
relaxed59,61_Street_MapAthlete,relaxed
relaxed60,62_SugarcaneMissy_Higgins,relaxed
relaxed61,63_Suicide_Is_PainlessLady_&_Bird,relaxed
relaxed62,64_SunriseNorah_Jones,relaxed
relaxed63,65_Swingset_ChainLoquat,relaxed
relaxed64,66_Thank_YouDido,relaxed
relaxed65,67_the_corrsrain,relaxed
relaxed66,68_The_Crime_At_Edmond_LakeTamas_Wells,relaxed
relaxed67,69_The_HillMarketa_Irglova,relaxed
relaxed68,6_A_Place_NearbyLene_Marlin,relaxed
relaxed69,70_The_Long_And_Winding_RoadPaul_McCartney,relaxed
relaxed70,71_The_One_You_LoveGlenn_Frey,relaxed
relaxed71,72_The_Parting_GlassThe_High_Kings,relaxed
relaxed72,73_The_SightingA_Fine_Frenzy,relaxed
relaxed73,74_The_Veldt_(Radio_Edit)Deadmau5,relaxed
relaxed74,75_The_Water_Is_WideJames_Taylor,relaxed
relaxed75,76_The_Way_You_Look_TonightMaroon_5,relaxed
relaxed76,77_The_World_As_I_See_ItJason_Mraz,relaxed
relaxed77,78_Then_Go_[Live_From_Union_Chapel]Damien_Rice,relaxed
relaxed78,79_theyJem,relaxed
relaxed79,7_A_Public_AffairJessica_Simpson,relaxed
relaxed80,80_Three_Courses_And_An_Open_CanoeTamas_Wells,relaxed
relaxed81,81_To_The_CountryLaura_Veirs_And_Saltbreakers,relaxed
relaxed82,82_Tonight_I_Wanna_CryKeith_Urban,relaxed
relaxed83,83_Too_Serious_Too_SoonGareth_Gates,relaxed
relaxed84,84_Try_To_Remember,relaxed
relaxed85,85_Unchained_MelodyHarry_Belafonte,relaxed
relaxed86,86_waitAlexi_Murdoch,relaxed
relaxed87,87_Wanna_Be_CloseAvant,relaxed
relaxed88,88_Wash_AwayMatt_Costa,relaxed
relaxed89,89_We_Exchanged_WordsAzure_Ray,relaxed
relaxed90,8_A_Thousand_Kisses_DeepLeonard_Cohen,relaxed
relaxed91,90_What_a_Wonderful_WorldStacey_Kent,relaxed
relaxed92,91_What_Goes_Around_Comes_AroundJustin_Timberlake,relaxed
relaxed93,92_When_You_Wish_Upon_A_StarRosemary_Clooney,relaxed
relaxed94,93_While_My_Guitar_Gently_WeepsĪε,relaxed
relaxed95,94_Wild_Is_The_WindAmel_Larrieux,relaxed
relaxed96,95_Windmills_Of_Your_MindSting,relaxed
relaxed97,96_Worry_About_YouIvy,relaxed
relaxed98,97_Youchris_young,relaxed
relaxed99,98_You_Are_My_SunshineCarly_Simon,relaxed
relaxed100,99_You_Belong_To_MeCarla_Bruni,relaxed
relaxed101,9_A_Thousand_YearsChristina_Perri,relaxed
relaxed102,100_Pinocchio_Story_(Freestyle_Live_FrKanye_West,relaxed
relaxed103,10_DreamPriscilla_Ahn,relaxed
relaxed104,11_Dreaming_My_Dreams_With_YouAlison_Krauss,relaxed
relaxed105,12_End_Of_MayKeren_Ann,relaxed
relaxed106,13_Even_NowWilliam_Fitzsimmons,relaxed
relaxed107,14_ExplorersSky_Sailing,relaxed
relaxed108,15_Fall_For_Your_TypeJamie_Foxx,relaxed
relaxed109,16_Falling_In_Love_At_A_Coffee_ShopLandon_Pigg,relaxed
relaxed110,17_FirefliesOwl_City,relaxed
relaxed111,18_Forever_Friends,relaxed
relaxed112,19_Free_LifeDan_Wilson,relaxed
relaxed113,1_03.45___No_SleepThe_Cardigans,relaxed
relaxed114,20_Geek_In_The_PinkJason_Mraz,relaxed
relaxed115,21_Give_Me_LifeDaniel_Powter,relaxed
relaxed116,22_Godspeed_(Sweet_Dreams)Dixie_Chicks,relaxed
relaxed117,23_Going_HomeSophie_Zelmani,relaxed
relaxed118,24_gold_in_the_air_of_summerKings_Of_Convenience,relaxed
relaxed119,25_Good_Girl_Gone_BadRihanna,relaxed
relaxed120,26_GoodbyeSophie_Zelmani,relaxed
relaxed121,27_GraceLaura_Story,relaxed
relaxed122,28_grace_is_goneDave_Matthews_Band,relaxed
relaxed123,29_Grafton_StreetDido,relaxed
relaxed124,2_Cicadas_&_GullsFeist,relaxed
relaxed125,30_Hands_On_The_RadioChris_Garneau,relaxed
relaxed126,31_Hard_BelieverFirst_Aid_Kit,relaxed
relaxed127,32_He_Will_Carry_MeMark_Schultz,relaxed
relaxed128,33_Hear_The_Noise_That_Moves_So_Soft_And_LowJames_Vincent_McMorrow,relaxed
relaxed129,34_Her_Morning_EleganceOren_Lavie,relaxed
relaxed130,35_Here_I_AmLeona_Lewis,relaxed
relaxed131,36_HomeMichael_Bubl,relaxed
relaxed132,37_HomesickKings_Of_Convenience,relaxed
relaxed133,38_HonestlyJo_De_La_Rosa,relaxed
relaxed134,39_How_To_Save_A_LifeThe_Fray,relaxed
relaxed135,3_Cold_WaterDamien_Rice,relaxed
relaxed136,40_I_Am_Falling_NowMaximilian_Hecker,relaxed
relaxed137,41_I_Believe_In_LoveDixie_Chicks,relaxed
relaxed138,42_I_Belong_To_MeJessica_Simpson,relaxed
relaxed139,43_I_Bruise_EasilyNatasha_Bedingfield,relaxed
relaxed140,44_I_Don_T_Want_To_Say_GoodbyeTeddy_Thompson,relaxed
relaxed141,45_I_Miss_YouDarren_Hayes,relaxed
relaxed142,46_I_Need_My_GirlThe_National,relaxed
relaxed143,47_I_Need_Some_SleepEels,relaxed
relaxed144,48_I_Was_Only_JokingRod_Stewart,relaxed
relaxed145,49_I_Wonder_(Departure)Abba,relaxed
relaxed146,4_Coldest_WinterMatt_Cab,relaxed
relaxed147,50_I_M_Sorry_That_The_Kitchen_Is_On_FireTamas_Wells,relaxed
relaxed148,51_I_ve_Been_In_Love_BeforeCutting_Crew,relaxed
relaxed149,52_I_Ve_Never_Been_To_MeCharlene,relaxed
relaxed150,53_imagine_me_without_youJaci_Velasquez,relaxed
relaxed151,54_In_My_Secret_LifeLeonard_Cohen,relaxed
relaxed152,55_In_The_DarkShelley_Harland,relaxed
relaxed153,56_In_The_MorningClub_8,relaxed
relaxed154,57_InsideBang_Gang,relaxed
relaxed155,58_Is_There_Somebody_Who_Can_Watch_YouThe_1975,relaxed
relaxed156,59_Jailcell_MindHayley_Sales,relaxed
relaxed157,5_Comes_And_Goes_(In_Waves)Greg_Laswell,relaxed
relaxed158,"60_Jesus,_Walk_With_MeClub_8",relaxed
relaxed159,61_Just_Hold_MeMaria_Mena,relaxed
relaxed160,62_just_like_heavenKatie_Melua,relaxed
relaxed161,63_Keep_Walking_or_I_ll_Kill_YouAgnes_Kain,relaxed
relaxed162,64_Killer_On_The_RoadOh_Laura,relaxed
relaxed163,65_Leave_The_Light_OnPriscilla_Ahn,relaxed
relaxed164,66_Let_It_RainOlivia_Ong,relaxed
relaxed165,67_Life_For_RentDido,relaxed
relaxed166,68_Light_Up_the_SkyThe_Afters,relaxed
relaxed167,69_Like_A_StarCorinne_Bailey_Rae,relaxed
relaxed168,6_CommunicationThe_Cardigans,relaxed
relaxed169,70_Limit_To_Your_LoveFeist,relaxed
relaxed170,72_Little_Love_CasterLaura_Marling,relaxed
relaxed171,73_Little_TalksOf_Monsters_and_Men,relaxed
relaxed172,74_Living_In_The_MomentJason_Mraz,relaxed
relaxed173,75_Lonely_RoadEverlast,relaxed
relaxed174,76_Lost_&_FoundLianne_La_Havas,relaxed
relaxed175,77_Love_In_DecemberClub_8,relaxed
relaxed176,78_Love_Song_For_1Corrinne_May,relaxed
relaxed177,79_Love_You_SoNatalie,relaxed
relaxed178,7_Cry_For_HelpRick_Astley,relaxed
relaxed179,80_May_It_BeEnya,relaxed
relaxed180,81_Maybe_I_Ll_GoLene_Marlin,relaxed
relaxed181,82_Melt_The_SnowShayne_Ward,relaxed
relaxed182,83_Milk_And_Toast_And_HoneyRoxette,relaxed
relaxed183,84_Miss_Youcoldrain,relaxed
relaxed184,85_Mondo_BongoJoe_Strummer_&_The_Mescaleros,relaxed
relaxed185,86_Much_Farther_To_GoRosie_Thomas,relaxed
relaxed186,87_My_LoveLene_Marlin,relaxed
relaxed187,88_My_PlaceNelly,relaxed
relaxed188,89_Never_KnowJack_Johnson,relaxed
relaxed189,8_Cry_On_My_ShoulderBonnie_Raitt,relaxed
relaxed190,90_Never_Say_Goodbye_(Adapted_From__Pavane_)Hayley_Westenra,relaxed
relaxed191,91_Not_Going_AnywhereKeren_Ann,relaxed
relaxed192,92_Nothing_But_A_MiracleDiane_Birch,relaxed
relaxed193,93_Only_Ones_Who_KnowArctic_Monkeys,relaxed
relaxed194,94_OpenRhye,relaxed
relaxed195,95_Out_From_UnderBritney_Spears,relaxed
relaxed196,96_Over_The_Rainbow___What_A_Wonderful_WorldIsrael_Kamakawiwo_ole,relaxed
relaxed197,98_Paper_AeroplaneKT_Tunstall,relaxed
relaxed198,99_ParachuteSean_Lennon,relaxed
relaxed199,9_Dear_DiaryBritney_Spears,relaxed
sad1,10_LullabyThe_Cure,sad
sad2,11_Mad_WorldGary_jules,sad
sad3,12_ManhattanSara_Bareilles,sad
sad4,13_Marching_Bands_Of_ManhattanDeath_Cab_For_Cutie,sad
sad5,14_Marry_YouBruno_Mars,sad
sad6,15_Maybe_CaliforniaTori_Amos,sad
sad7,16_me_vs._maradona_vs._elvisBrand_New,sad
sad8,17_miserable_at_bestmayday_parade,sad
sad9,18_More_Like_HerMiranda_Lambert,sad
sad10,19_my_gift_of_silenceBlackfield,sad
sad11,1_Like_A_SongLenka,sad
sad12,20_My_LoveLene_Marlin,sad
sad13,21_My_Name_Is_TroubleKeren_Ann,sad
sad14,22_Never_Gonna_Love_AgainLykke_Li,sad
sad15,23_Never_Grow_UpTaylor_Swift,sad
sad16,24_Nicest_ThingKate_Nash,sad
sad17,25_No_PromisesShayne_Ward,sad
sad18,26_No_TearsJames_Blunt,sad
sad19,27_Not_In_LoveEnrique_Iglesias,sad
sad20,28_Nothing_ComparesPixie_Lott,sad
sad21,29_One_LoveBlue,sad
sad22,2_Living_To_Love_YouSarah_Connor,sad
sad23,30_One_More_ChanceWill.i.am,sad
sad24,31_One_TimeJustin_Bieber,sad
sad25,32_Paper_Ships_(feat._the_SilverlDead_Mans_Bones,sad
sad26,33_Parisienne_MoonlightAnathema,sad
sad27,34_PhiladelphiaNEIL_YOUNG,sad
sad28,35_Pink_RabbitsThe_National,sad
sad29,"36_Please,_Please,_Please_Let_Me_Get_What_I_WantThe_Smiths",sad
sad30,37_PollyKeren_Ann,sad
sad31,38_RedTaylor_Swift,sad
sad32,39_Remember_The_DayAnimal_Alpha,sad
sad33,3_Lonely_As_YouFoo_Fighters,sad
sad34,40_RestlessAlison_Krauss_&_Union_Station,sad
sad35,41_Sad_EyesBat_For_Lashes,sad
sad36,42_Say_GoodbyeKatharine_Mcphee,sad
sad37,43_SeventeenKeren_Ann,sad
sad38,44_ShadowBritney_Spears,sad
sad39,45_Shape_Of_My_HeartBackstreet_Boys,sad
sad40,46_Shape_Of_My_HeartSting,sad
sad41,47_Shatteredtrading_yesterday,sad
sad42,48_She_Will_Be_LovedMaroon_5,sad
sad43,49_ShelterBirdy,sad
sad44,4_Lonely_EnoughLittle_Big_Town,sad
sad45,50_Silent_NightTaylor_Swift,sad
sad46,51_SkipalongLenka,sad
sad47,52_Sometimes_I_Feel_So_LonelyPrimal_Scream,sad
sad48,53_Song_To_The_SirenJohn_Frusciante,sad
sad49,54_StrangerNoah_And_The_Whale,sad
sad50,55_StupidToni_Braxton,sad
sad51,56_SummertrainGreyson_Chance,sad
sad52,57_SunriseNorah_Jones,sad
sad53,58_Take_This_Heart_Of_MineMarvin_Gaye,sad
sad54,59_TemptationMoby,sad
sad55,5_Lonely_GirlsLucinda_Williams,sad
sad56,60_That_YearBrandi_Carlile,sad
sad57,61_The_A_TeamEd_Sheeran,sad
sad58,62_The_Blower_S_DaughterDamien_Rice,sad
sad59,63_The_Chosen_PessimistIn_Flames,sad
sad60,64_The_Day_Before_The_DayDido,sad
sad61,65_The_Day_You_Went_AwayM2M,sad
sad62,66_The_First_Days_Of_SpringNoah_And_The_Whale,sad
sad63,67_The_ForgottenGreen_Day,sad
sad64,68_The_Ketchup_Song_(Asereje)Cats_Up,sad
sad65,69_The_Moment_I_KnewTaylor_Swift,sad
sad66,6_Lonely_LullabyOwl_City,sad
sad67,70_The_One_That_Got_AwayKaty_Perry,sad
sad68,71_The_ScientistColdplay,sad
sad69,72_The_World_As_I_See_ItJason_Mraz,sad
sad70,73_The_Worry_ListBlue_October,sad
sad71,74_These_Four_WallsShawn_Colvin,sad
sad72,75_This_New_HeartacheVince_Gill,sad
sad73,76_Time_Enough_For_Tears_(Borrowed_Heaven_Album_Version)The_Corrs,sad
sad74,77_Time_To_Carry_OnVince_Gill,sad
sad75,78_To_Blossom_BlueLake_Of_Tears,sad
sad76,79_Twilight_InnocenceNovembers_Doom,sad
sad77,7_Look_On_Down_From_The_BridgeMazzy_Star,sad
sad78,80_U-Turn_(Lili)Aaron,sad
sad79,81_UndeniedPortishead,sad
sad80,82_UnfoldThe_XX,sad
sad81,83_UntouchableTaylor_Swift,sad
sad82,84_UnwrittenNatasha_Bedingfield,sad
sad83,85_Vanilla_TwilightOwl_City,sad
sad84,86_What_He_WroteLaura_Marling,sad
sad85,87_What_Sarah_Said_(Album_Version)Death_Cab_For_Cutie,sad
sad86,88_Whataya_Want_From_MeAdam_Lambert,sad
sad87,89_When_You_Re_GoneAvril_Lavigne,sad
sad88,8_Lose_YouPete_Yorn,sad
sad89,90_Where_Are_You_NowBritney_Spears,sad
sad90,"91_Whiskey_LullabyAlison_Krauss,Brad_Paisley",sad
sad91,92_Wild_WorldMr._Big,sad
sad92,93_Wise_UpAimee_Mann,sad
sad93,94_With_HimBabyface,sad
sad94,95_You_Give_Me_SomethingJames_Morrison,sad
sad95,96_You_Know_WhatCraig_David,sad
sad96,97_You_StoleBrand_New,sad
sad97,98_You_Re_Not_AloneShayne_Ward,sad
sad98,99_ZombieThe_Cranberries,sad
sad99,"9_Love_The_Way_You_LieEminem,Rihanna",sad
sad100,100_Lost_Without_YouDelta_Goodrem,sad
sad101,10_Almost_Lover_(Album_Version)A_Fine_Frenzy,sad
sad102,11_Alone_(2000_Digital_Remaster)Heart,sad
sad103,12_Angel_Of_MineMonica,sad
sad104,13_As_Long_As_You_Love_MeBackstreet_Boys,sad
sad105,14_Ashes_And_WineA_Fine_Frenzy,sad
sad106,15_Back_To_DecemberTaylor_Swift,sad
sad107,16_Be_AlrightJustin_Bieber,sad
sad108,17_Better_Off_Deadanathema,sad
sad109,18_Better_Than_A_HallelujahAMY_GRANT,sad
sad110,19_Black_&_BlueChris_Garneau,sad
sad111,1_9_CrimesDamien_Rice,sad
sad112,20_Blue_VelvetLana_Del_Rey,sad
sad113,21_Born_To_DieLana_Del_Rey,sad
sad114,22_Brand_New_MeAlicia_Keys,sad
sad115,23_Breathe_AgainSara_Bareilles,sad
sad116,24_BrickBen_Folds_Five,sad
sad117,25_BrokenJake_Bugg,sad
sad118,26_California_DreamingNorth,sad
sad119,27_CancerMy_Chemical_Romance,sad
sad120,28_Caving_InKimya_Dawson,sad
sad121,29_Christmas_In_My_Heart_(Single_Version)Sarah_Connor,sad
sad122,2_A_Different_Kind_Of_Pain_(Album_Version)Cold,sad
sad123,30_Christmas_LightsColdplay,sad
sad124,31_Cold_As_YouTaylor_Swift,sad
sad125,32_Cold_WaterDamien_Rice,sad
sad126,33_Coldest_WinterKanye_West,sad
sad127,34_CommunicationThe_Cardigans,sad
sad128,35_CryJames_Blunt,sad
sad129,36_Death_To_BirthMichael_Pitt,sad
sad130,37_DisguiseLene_Marlin,sad
sad131,38_Do_I_Have_To_Cry_For_YouNick_Carter,sad
sad132,"39_DownJason_Walker,Molly_Reed",sad
sad133,3_A_Natural_DisasterAnathema,sad
sad134,"40_Drama,_Love_&__LationshipsBabyface",sad
sad135,41_DreamerUh_Huh_Her,sad
sad136,42_DyingHole,sad
sad137,43_Dying_In_The_SunThe_Cranberries,sad
sad138,44_Elizabeth_On_The_Bathroom_FloorEels,sad
sad139,45_England_Made_MeBlack_Box_Recorder,sad
sad140,46_Even_Heaven_CriesMonrose,sad
sad141,47_Everything_Will_FlowSuede,sad
sad142,48_EyepenniesSparklehorse,sad
sad143,49_Fire_BurningSean_Kingston,sad
sad144,4_A_Place_NearbyLene_Marlin,sad
sad145,50_FlyingAnathema,sad
sad146,51_Follow_You_Down_To_The_Red_Oak_TreeJames_Vincent_McMorrow,sad
sad147,52_Forever_YoungAlphaville,sad
sad148,53_Forget_HerJeff_Buckley,sad
sad149,54_Forgotten_HopesAnathema,sad
sad150,55_FoundationsKate_Nash,sad
sad151,56_God_Is_A_GirlGroove_Coverage,sad
sad152,57_Goodbye_my_loverJames_blunt,sad
sad153,58_GravitySara_Bareilles,sad
sad154,59_Half_LifeImogen_Heap,sad
sad155,5_A_Thousand_MilesVanessa_Carlton,sad
sad156,60_HallelujahRufus_Wainwright,sad
sad157,61_Happily_Never_AfterThe_Pussycat_Dolls,sad
sad158,62_HappinessThe_Fray,sad
sad159,63_Happy_Xmas_(War_Is_Over)The_Moody_Blues,sad
sad160,65_HauntedTaylor_Swift,sad
sad161,66_HeavenBeyonce,sad
sad162,67_Here_Come_The_TearsJudas_Priest,sad
sad163,68_Here_Comes_A_RegularThe_Replacements,sad
sad164,69_Here_Without_You3_Doors_Down,sad
sad165,6_Again_And_AgainJewel,sad
sad166,70_HeroMariah_Carey,sad
sad167,71_Holiday_In_SpainCounting_Crows,sad
sad168,72_HomeMichael_Bubl,sad
sad169,73_Hope_There_S_SomeoneAntony_&_The_Johnsons,sad
sad170,74_Howregina_spektor,sad
sad171,75_How_Could_IMarc_Anthony,sad
sad172,76_How_To_Fight__LonelinessWilco,sad
sad173,77_HurtChristina_Aguilera,sad
sad174,78_HurtJohnny_Cash,sad
sad175,79_I_CryWestlife,sad
sad176,7_All_I_Ever_WantedThe_Airborne_Toxic_Event,sad
sad177,80_I_Knew_I_Loved_YouSavage_Garden,sad
sad178,81_I_M_Still_BreathingKaty_Perry,sad
sad179,82_I_M_OkChristina_Aguilera,sad
sad180,83_If_I_Had_a_BoatJames_Vincent_McMorrow,sad
sad181,84_If_I_Were_A_BoyBeyonce,sad
sad182,85_If_This_Was_a_MovieTaylor_Swift,sad
sad183,86_In_My_Secret_LifeLeonard_Cohen,sad
sad184,87_InnocentTaylor_Swift,sad
sad185,88_InvisibleTaylor_Swift,sad
sad186,89_It_Doesn_t_Have_To_Be_BeautifulSlow_Club,sad
sad187,8_All_Out_Of_LoveAir_Supply,sad
sad188,90_It_s_All_OkayJulia_Stone,sad
sad189,91_Jar_Of_HeartsChristina_Perri,sad
sad190,92_Kiss_MeTom_Waits,sad
sad191,93_La_Ballade_Of_Lady_&_BirdLady_&_Bird,sad
sad192,94_Last_ChristmasTaylor_Swift,sad
sad193,95_Last_GoodbyeKe$ha,sad
sad194,96_Last_KissTaylor_Swift,sad
sad195,97_Let_It_GoDemi_Lovato,sad
sad196,98_Letting_GoJo_De_La_Rosa,sad
sad197,99_Life_Is_WonderfulJason_Mraz,sad
sad198,9_All_Too_WellTaylor_Swift,sad
angry165,adanali,angry
angry166,adanli2,angry
angry167,adini_Feriha_koydum,angry
angry168,aksiyon_gerilim,angry
angry169,araf_zaman_dizi_muzigi,angry
angry170,arka_sokaklar_dizi_muzigi,angry
angry171,arka_sokaklar_dizi_muzigi2,angry
angry172,ask_ve_mavi_dizi_muzigi,angry
angry173,avlu_dizi_muzikleri,angry
angry174,ay_yildiz_tim_savas_muzigi,angry
angry175,benim_hala_umudum_var_dizi_muzigi,angry
angry176,beyaz_yalan_dizi_muzigi,angry
angry177,bir-litre-goz-yasi-part,angry
angry178,bir-zamanlar-cukur-ova-part,angry
angry179,bir_cocuk_sevdim_dizi_muzigi,angry
angry180,bu_sehir_arkandan_gelecek_dizi_muzigi,angry
angry181,bugunun_saraylisi_dizi_mugizi,angry
angry182,canakkale_yolun_sonu_dizi_muzikleri,angry
angry183,cemberin_icinde_dizi_muzigi,angry
angry184,cendere_kurtlar_vadisi_dizi_muzikleri,angry
angry185,cennetin_goz_yaslari_1_dizi_muzigi,angry
angry186,cennetin_goz_yaslari_2_dizi_muzigi,angry
angry187,cilek_kokusu_dizi_muzigi,angry
angry188,coban_yildizi_dizi_muzigi,angry
angry189,cukur_dizi_muzigi,angry
angry190,cukur_dizi_muzigi2,angry
angry191,desti_kpcak_turkleri,angry
angry192,dilan_hanim_dizi_muzigi,angry
angry193,doluna_dizi_muzigi,angry
angry194,dorduncu_murat_muzikleri,angry
angry195,dusundurdu_yine_beni_gozlerin_dizi_muzigi,angry
angry196,elif_dizi_muzigi,angry
angry197,erkenci-kus-dizi-muzigi-part,angry
angry198,eski_hikaye_dizi_muzigi,angry
angry199,eski_turk_sarkilari,angry
angry200,eskiya_dunyaya_hukumdar_olmaz_2sezon_dizi_muzigi,angry
angry201,eskiya_dunyaya_hukumdar_olmaz_3_dizi_muzikleri,angry
angry202,eskiya_dunyaya_hukumdar_olmaz_3sezon_dizi_muzigi,angry
angry203,ezel_dizi_muzigi2,angry
angry204,fatma_gulun_sucu_ne_dizi_muzigi,angry
angry205,fazilet_hanim_ve_kizlari_dizi_muzigi,angry
angry206,filinta_dizi_muzigi1,angry
angry207,genis_aile_dizi_muzigi,angry
angry208,gullerin_savasi_dizi_muzigi,angry
angry209,gunesi_beklerken_dizi_muzigi,angry
angry210,gunesin_kizlari_dizi_muzigi,angry
angry211,hayat_sarkisi_diz_muzikleri2,angry
angry212,hayat_sarkisi_dizi_muzikleri1,angry
angry213,hekimoglu_turkusu,angry
angry214,hickirik_dizi_muzikleri,angry
angry215,icimdeki_firtina_dizi_muzikleri,angry
angry216,insanlik_sucu_dizi_muzikleri1,angry
angry217,insanlik_sucu_dizi_muzikleri2,angry
angry218,isimsizler_dizi_muzikleri1,angry
angry219,isimsizler_dizi_muzikleri2,angry
angry220,isimsizler_dizi_muzikleri3,angry
angry221,istanbullu_gelin_dizi_muzikleri,angry
angry222,kacak_dizi_muzikleri1,angry
angry223,kacak_dizi_muzikleri2,angry
angry224,kalp_atisi,angry
angry225,kaos_epik_savas_muzikleri,angry
angry226,kara_sevda_dizi_muzigi1,angry
angry227,kara_sevda_dizi_muzigi2,angry
angry228,karagul_dizi_muzikleri,angry
angry229,kayit_disi_operasyon_dizi_muzikleri1,angry
angry230,kayit_disi_operasyon_dizi_muzikleri2,angry
angry231,kehribar_dizi_muzikleri,angry
angry232,kiraz_mevsimi_2,angry
angry233,kiraz_mevsimi_dizi_muzikleri,angry
angry234,kurtulus_filim_muzikleri,angry
angry235,medcezir_dizi_muzikleri,angry
angry236,medcezir_dizi_muzikleri2,angry
angry237,meryem_dizi_muzikleri1,angry
angry238,meryem_dizi_muzikleri2,angry
angry239,not_defteri_dizi_muzikleri,angry
angry240,osmanli_savas_marsi1,angry
angry241,sahsiyet_dizi_muzigi,angry
angry242,sana_bir_sir_verecegim_dizi_muzigi,angry
angry243,savasci_dizi_muzigi1,angry
angry244,sen_anlat_karadeniz_dizi_muzigi,angry
angry245,seviyor_sevmiyor_dizi_muzigi,angry
angry246,siyah_beyaz_ask_dizi_muzigi,angry
angry247,soz_dizi_muzigi_1,angry
angry248,soz_dizi_muzigi_3,angry
angry249,sungurlar_dizi_muzigi,angry
angry250,survivor_ada_konseyi_muzigi,angry
angry251,tatar_gelin_dizi_muzikleri,angry
angry252,tatli_intikan_dizi_muzigi,angry
angry253,turk_askeri_savas_muzigi,angry
angry254,turk_savas_muzigi1,angry
angry255,ucurum_gerilim_alp_yenier,angry
angry256,ufak_tefek_cinayetler_dizi_muzigi,angry
angry257,umuda_kelepce_vurulmaz_dizi_muzigi,angry
angry258,yasak_elma_dizi_muzigi,angry
angry259,yazin_oykusu_dizi_muzigi,angry
angry260,yeni_ceri_marsi,angry
angry261,yer_gok_ask_dizi_muzikleri,angry
angry262,yeter_dizi_muzigi,angry
angry263,yuvamdaki_dusman_dizi_muzikleri,angry
angry264,yuvamdaki_dusman_dizi_muzikleri2,angry
happy206,adana_kopru_basi_murat_kursun,happy
happy207,ah_nerede_vah_nerede_fusun_onal,happy
happy208,altun_kardesler_erik_dali,happy
happy209,antebin_hamamlar_cesitli_sanatci,happy
happy210,antebin_kalesine_ibrahim_tatlises,happy
happy211,arap_kizi_ibrahim_tatlises,happy
happy212,arpa_bugday_daneler_muazzez_ersoy,happy
happy213,arzu_kus_adana_kopru_basi,happy
happy214,askimiz_bitecek_cansu_koc,happy
happy215,aya_benzer_mustafa_sandal,happy
happy216,ayas_yollar_sumer_ezgu,happy
happy217,aynali_koruk_zara,happy
happy218,ayse_ozyilmazel_pardon,happy
happy219,ayva_cicek_acmis_fasli_beyoglu,happy
happy220,bag_gel_bostana_gel_kubat,happy
happy221,bagya_girdimbag_budanmis_rustem,happy
happy222,bahcelerde_borulce_eyll,happy
happy223,baran_bayraktar_gol,happy
happy224,bekar_gezelim_gurup_lacin,happy
happy225,beyaz_gul_kirmizi_gul_ibrahim_tatlises,happy
happy226,beyoglunda_gezersin,happy
happy227,bu_gece_uyumamisan,happy
happy228,cakmak_cakmaga_geldik_cesitli_sanatci,happy
happy229,cal_para_suzan_kardes,happy
happy230,cay_elinden_oteye_sevval_sam,happy
happy231,cekirge_oguz_yilmaz,happy
happy232,cit_cit_cetene_ahmet_kurt,happy
happy233,comce_gelin_olasan_urfa,happy
happy234,daglar_kizi_reyhan_yusel_ozkasap,happy
happy235,dane_dane_benleri_var_burcin,happy
happy236,darildinmi_cicim_bana_fasli_beyoglu,happy
happy237,davullu_zurnali_oyun_havasi,happy
happy238,delalim_urfa_sira_geceleri,happy
happy239,diyar_bakir_guzel_baglar_yahya_cekirge,happy
happy240,diyarbakir_lorke_halayi,happy
happy241,dugmeli_izzet_altinmese,happy
happy242,erkilet_guzeli_meski_fasil,happy
happy243,ertan-ersan-oy-gelin-oy-damat-part,happy
happy244,esarbini_yan_baglama_ibrahim_tatlises,happy
happy245,evlere_senlik_sinan_ozen,happy
happy246,fistan_bictim_dar_geldi_huriye_mustafa_keser,happy
happy247,gimildan_efe,happy
happy248,gir_kanima_harun_kolcak,happy
happy249,gokte_yildiz_aymisun,happy
happy250,gozleri_aska_gulen_funda_arar,happy
happy251,gul_doktum_yollarina_tarkan,happy
happy252,gulum_benim_muazzez_ersoy,happy
happy253,hadi_gari_sende_gel,happy
happy254,hele_yar_zalim_yar_zekeriya_unlu,happy
happy255,heycan_serdar_ortac,happy
happy256,ilvanlim_belkis_akkale,happy
happy257,indim_havuz_basina_fasli_beyoglu,happy
happy258,kadifeden_kesesi_fasli_beyoglu,happy
happy259,kalenin_bedenleri_zara,happy
happy260,kara_kopru_narliktir_cesitli_sanatci,happy
happy261,karabiberim_serdar_ortac,happy
happy262,kaslarin_karasina_gulsen_kutlu,happy
happy263,kesik_cayir_bedia_akarturk,happy
happy264,kim_arar_nilufer,happy
happy265,kiraz_dali_mehtap_koc,happy
happy266,kocari_kazim_koyuncu,happy
happy267,kondurama_kum_doldu_cesitli_sanatci,happy
happy268,maden_dagi_izzet_altinmese,happy
happy269,makarak_sari_baglar_kirac,happy
happy270,mardin_kapisindan_atyalyamadm_kazanc_bedih,happy
happy271,mektebin_bacalari_yahya_cekirge,happy
happy272,merdivanim_kirik_oyun_havasi,happy
happy273,minnos_ceylan,happy
happy274,muhabbet_bagina_girdim,happy
happy275,murat-kursun-erik-dali-part,happy
happy276,mustafa_sandal_aya_benzer,happy
happy277,omer-faruk-bostan-erik-dali-part,happy
happy278,osman_aga_seferad,happy
happy279,ovalar_gurup_yol,happy
happy280,panara_gel_ki_gorem_cesitli_sanatci,happy
happy281,rakkas_sezen_aksu,happy
happy282,salinda_gel_orhan_hak_almaz,happy
happy283,samsak_doveci_gurup_lacin,happy
happy284,sendeki_kaslar_suzan_kardes,happy
happy285,sevinc_sarivea_yandirgin_kalbimi_aman,happy
happy286,sigaramin_duman_meski_fasil,happy
happy287,siverek_asmasiyam_ibrahim_tatlises,happy
happy288,son_verdim_kalbimin_issine_seyyal_taner,happy
happy289,sozlu_halay,happy
happy290,su_gelen_atlimidir,happy
happy291,su_samsunun_evleri_imara,happy
happy292,tatli_dile_guler_yuze_neset_ertas,happy
happy293,tridine_bandim_kubat,happy
happy294,uskudara_gideriken,happy
happy295,uyu_demeye_geldim_melda_kuyucu,happy
happy296,vardar_ovasi_fasli_beyoglu,happy
happy297,vay_surmeli_surmeli,happy
happy298,yangin_olur_biz_yangina_gideriz_fasli_beyoglu,happy
happy299,yar_saclarin_lule_lule_nesrin_sipahi,happy
happy300,yemeninde_hare_var_meski_fasil,happy
happy301,yola_ciktim_mardine_berdan,happy
happy302,yuksek_yuksek_tepelere,happy
happy303,yuru_dilber_yuru_fasil,happy
happy304,zeytin_yapragi_yesil_zara,happy
happy305,zuhtu_sumer_ezgu,happy
relaxed200,Birsen_tezer_istanbul,relaxed
relaxed201,ajda-pekkan-ya-sonra- Part,relaxed
relaxed202,aklim_hep_sende,relaxed
relaxed203,alp_ersonmez_burada_yarali_biri_var,relaxed
relaxed204,aysegul_aldinc_kucuk_seyler,relaxed
relaxed205,ayten_alpman_erkekler_aglamaz,relaxed
relaxed206,bana_ellerini_ver_ozdemir_erdogan,relaxed
relaxed207,basak_yavuz_gidersen,relaxed
relaxed208,ben-yoruldum-hayat-part-cinar-cetinkaya-part,relaxed
relaxed209,ben_varim_kursat,relaxed
relaxed210,berguzar_korel_kaybolan_yillar,relaxed
relaxed211,birsen-tezer-bilsen-part,relaxed
relaxed212,birsen_tezer_ciglik_cigliga,relaxed
relaxed213,birsen_tezer_di_gel_yanima,relaxed
relaxed214,birsen_tezer_sarkicinin_sarkicisi,relaxed
relaxed215,birsen_tezer_seher_vahti,relaxed
relaxed216,bulent_ortacgil_sana_geldim,relaxed
relaxed217,bulent_ortacgil_sensiz_olmaz,relaxed
relaxed218,bulent_ortacgil_yagmur,relaxed
relaxed219,bulent_ortacgil_yuzunu_dokme_kucuk_kiz,relaxed
relaxed220,cem_ozkan_don_bana,relaxed
relaxed221,cigdem_erken_cakmak,relaxed
relaxed222,cigdem_erken_laleler,relaxed
relaxed223,demir_demircan_aci_nefes,relaxed
relaxed224,demir_demirkan_doldur_kadehleri,relaxed
relaxed225,duman_elleri_ellerime,relaxed
relaxed226,dusundukce_selen_gulun,relaxed
relaxed227,elvan_gunaydin,relaxed
relaxed228,enbe_orkestrasi_hikaye,relaxed
relaxed229,eren_cilgin_mavi_yalan,relaxed
relaxed230,erol_evgin_bir_ilk_bahar_sabahi,relaxed
relaxed231,ezgini_gunlugu_mutlu_son,relaxed
relaxed232,ezginin_gunlugu_ask_yuzunden,relaxed
relaxed233,ezginin_gunlugu_kiyisiz_deniz,relaxed
relaxed234,feridun_duzagac_sevgi,relaxed
relaxed235,fikret_kizilok_basbasa,relaxed
relaxed236,fikret_kizilok_ben_gidersem,relaxed
relaxed237,fikret_kizilok_bosuna,relaxed
relaxed238,fikret_kizilok_farketmeden,relaxed
relaxed239,fikret_kizilok_gecenin_ucunde,relaxed
relaxed240,fikret_kizilok_gidiyorsun,relaxed
relaxed241,fikret_kizilok_gonul,relaxed
relaxed242,fikret_kizilok_guzel_ne_guzel_olmussun,relaxed
relaxed243,fikrimin-ince-gulu-tamer-zeytinoglu-part,relaxed
relaxed244,julide_ozcelik_bugun_neden_gelmedin,relaxed
relaxed245,julide_ozcelik_esitiz_eninde_sonunda,relaxed
relaxed246,julide_ozcelik_kara_toprak,relaxed
relaxed247,julide_ozcelik_kimse_bilmez,relaxed
relaxed248,julide_ozcelik_siradan_bir_gun,relaxed
relaxed249,julide_ozcelik_yalan_dunya,relaxed
relaxed250,julide_ozcelik_zaman,relaxed
relaxed251,kelebek_cigdem_Erkan,relaxed
relaxed252,kendinle_kalirsin_julide_ozcelik,relaxed
relaxed253,kimse_bilmez_kursat_basar,relaxed
relaxed254,kimseye_etmem_sikayet,relaxed
relaxed255,kirac_kalbin_tek_arkadasi,relaxed
relaxed256,mabel_matis_supheli_sarkinin_sairi,relaxed
relaxed257,mahsar_alanson_benim_hala_umudum_var,relaxed
relaxed258,mazi_kalbimde_bir_yaradir_dilek_turkan,relaxed
relaxed259,mehmet_gureli_kimse_bilmez,relaxed
relaxed260,mert_royfe_zaman,relaxed
relaxed261,mfo_bodrum_bodrum,relaxed
relaxed262,mor_ve_otesi_bisiklet,relaxed
relaxed263,mustafa_ceceli_elvan_gunaydin,relaxed
relaxed264,nev_kimseye_etmem_sikayet,relaxed
relaxed265,nilufer_ayrilik_hasreti,relaxed
relaxed266,nim_sofyan_senden_bana_yar_olmaz,relaxed
relaxed267,nukhet_ruacan_her_sey_sevgiyle_baslar,relaxed
relaxed268,onur_mete_bu_asktan_gidiyorum,relaxed
relaxed269,onur_yardimci_bana_donme,relaxed
relaxed270,ozan_musluoglu_kimse_duymasin,relaxed
relaxed271,ozdemir-erdogan-baharda-kuslar-gibi-part,relaxed
relaxed272,ozdemir_erdogan_ac_kapiyi_gir_iceri,relaxed
relaxed273,pilli_bebek_cogu_zaman,relaxed
relaxed274,roya_gemiciler,relaxed
relaxed275,sarp_madem_ortadaki_gecit,relaxed
relaxed276,sebnem_ferah_yagmurlar,relaxed
relaxed277,selim_gulgoren_uyanma_uyu,relaxed
relaxed278,sene_sener_bak_bana,relaxed
relaxed279,serta_erener_tesaduf_ask,relaxed
relaxed280,sertap_erener_acik_adres,relaxed
relaxed281,sertap_erener_bahcede,relaxed
relaxed282,sevinc_tevz_ve_ben_yalniz,relaxed
relaxed283,sevince_erkin_koray,relaxed
relaxed284,sigaramin-dumani-tamer-zeytinoglu-part,relaxed
relaxed285,sinan_kaynakci_kendine_zaman_ver,relaxed
relaxed286,sumru_agir_yuruyen_guz_defteri,relaxed
relaxed287,sumru_agir_yuruyen_issiz,relaxed
relaxed288,sumru_agir_yuruyen_terk_edilmis_kent,relaxed
relaxed289,tanju_duru_aklim_hep_sende,relaxed
relaxed290,tel_tel_taradim_nurten_demirkol,relaxed
relaxed291,teoman_senden_once_senden_sonra,relaxed
relaxed292,tnk_yine_yazi_bekleriz,relaxed
relaxed293,uyanma_uyu_selim_gungoren,relaxed
relaxed294,vedat_sakman_usluca,relaxed
relaxed295,yalin_keske,relaxed
relaxed296,yalin_ki_sen,relaxed
relaxed297,yine_yazi_bekleriz_tnk,relaxed
relaxed298,zeynep_dizdar_bir_cocuk_sevdim,relaxed
relaxed299,zeynep_dizdar_vazgec_gonul,relaxed
sad199,agladikca_ara_dinkjian,sad
sad200,aglama_yar_erkan_ogur,sad
sad201,al_omrumu_cevdet_bagca,sad
sad202,al_yazmalim,sad
sad203,altin_hizma_mulayim_devrim_ates,sad
sad204,anilar_coskun_sabah,sad
sad205,asagidan_gelir_omuz_omuza_oguz_aksac,sad
sad206,batan_gun_kana_benziyor_suat_sayin,sad
sad207,ben_gamli_hazan_melahat_pars,sad
sad208,ben_gamli_hazan_zeki_muren,sad
sad209,ben_kuskunum_felege_tsm,sad
sad210,ben_yoruldum_hayat_mumin_sarikaya,sad
sad211,benim_yerimede_sev_sibelcan,sad
sad212,bir_mektup_bir_resim_zeki_muren,sad
sad213,bir_muhabbet_kusu_zeki_muren,sad
sad214,buda_gelir_buda_gecer_arif_sag,sad
sad215,bulbuller_dugun_eyler,sad
sad216,burasi_mustur,sad
sad217,carsambayi_sel_aldi_arslan_akyol,sad
sad218,cokmu_gordunuz_ebru_gundes,sad
sad219,degme_benim_gamli_gonlume_umit_ates,sad
sad220,degme_benim_gamli_yasli_gonlume_hakan_tasiyan,sad
sad221,degme_felek_cengiz_ozkan,sad
sad222,deli_gonul_arif_sag,sad
sad223,derdim_coktur_erkan_ogur,sad
sad224,derdimi_kimlere_desem_rusen_yilmaz,sad
sad225,derin_derin_sevdalara_dalarsn_manus_baba,sad
sad226,dostum_dostum_kerim_yagci,sad
sad227,eledim_eledim_eda_karaytug,sad
sad228,gamzedeyim_deva_bulmam_muzeyyen_senar,sad
sad229,garip_saz_semaisi_goksel_baktagir,sad
sad230,geceler_dusman_gulay,sad
sad231,geceler_yarim_oldu_ihsan_mendes,sad
sad232,gelin_oldugun_gece_hakan_tasiyan,sad
sad233,gitti_canimin_canani_cengiz_ozkan,sad
sad234,gule_yel_degdi_canan_cal,sad
sad235,gullerin_icinden,sad
sad236,gulunce_gozlerinin_ici_guluyor_behiye_aksoy,sad
sad237,gulunce_gozlerinin_ici_guluyor_secil_heper,sad
sad238,harman_yeri_surseler_salih_gundogdu,sad
sad239,her_mevsim_bulent_ersoy,sad
sad240,her_mevsim_icimden_gelip_gecersin_hamiyet_yuceses,sad
sad241,hicaz_keman_taksim,sad
sad242,kader_diyemezsin_muazzez_ersoy,sad
sad243,kalbimi_kira_kira,sad
sad244,kalbimi_kira_kira_sukran_ay,sad
sad245,kalbimin_tek_sahibine_irem_demirci,sad
sad246,kapildim_gidiyorum_bahtimin_ruzgarina,sad
sad247,kapildim_gidiyorum_melihat_gulses,sad
sad248,karsida_gorunen_yayla_erkan_ogur,sad
sad249,kendim_dustum_kalkabilirim_sibel_can,sad
sad250,kendin_bilirsin_muslum_gurses,sad
sad251,kerpic_kerpic_ustune_erkan_ogur,sad
sad252,klarnet_taksim_mustafa_kandirali,sad
sad253,kor_olsun_bu_askin_gozu_kor_olsun_muslum_gurses,sad
sad254,kul_oldum_oyku_gurman,sad
sad255,kurdili_hicazkar_kanun_taksim,sad
sad256,kusura_fidanim,sad
sad257,lale_devri_sibel_can,sad
sad258,leyla_mecnun_ud,sad
sad259,mihriban_sirri_lacin,sad
sad260,mor_salkimli_sokak_fatih_kisaparmak,sad
sad261,muhur_gozlum_cafer_nazlibas,sad
sad262,nem_kaldi_gonen_molla,sad
sad263,nikah_masasi_umit_besen,sad
sad264,niye_cattin_kaslarini_umit_ates,sad
sad265,o_yar_gelir,sad
sad266,odam_kirec_tutmuyor_gonen_molla,sad
sad267,olumsuz_sevdim_arif_susam,sad
sad268,oy_beni_vurun_vurun_huseyin_ay,sad
sad269,sarkilar_seni_soyler_zeki_muren,sad
sad270,sarkilara_sordum_soylemediler_emel_sayin,sad
sad271,seher_vaki_evinize_canan_cal,sad
sad272,seher_yildizi,sad
sad273,sen_benden_gittin_gideli_erkan_ogur,sad
sad274,sen_gelmez_oldun_piyano,sad
sad275,senede_bir_gun_zeki_muren,sad
sad276,sevmekten_kim_usanir_hamiyet_yuceses,sad
sad277,sevmekten_kim_usanir_muzzeyen_senar,sad
sad278,sonu_yok_bu_askin_funda_arar,sad
sad279,soyleyemem_derdimi_zeki_muren,sad
sad280,su_kislanin_kapisina_orhan_hakalmaz,sad
sad281,suzan_suzi_cengiz_ozkan,sad
sad282,suzan_suzi_incesaz,sad
sad283,unutma_beni_esmeray,sad
sad284,unutmamam_seni_zeki_muren,sad
sad285,unutmasin_hudai_aksu,sad
sad286,uyan_sunam,sad
sad287,uzun_ince_bir_yoldayim,sad
sad288,vazgectim_ara_dinkjian,sad
sad289,vazgectim_serkan_cagri,sad
sad290,veda_busesi_zeki_muren,sad
sad291,vurgun_muazzez_abaci,sad
sad292,yarim_senden_ayrilali_erkan_ogur,sad
sad293,yazimi_kisa_cevirdin,sad
sad294,yazimi_kisa_cevirdin_muhlis_berberoglu,sad
sad295,yemen_turkusu,sad
sad296,yol_ver_daglar_arif_sag,sad
sad297,yuce_dag_basinda_yanar_bir_isik_sirri_lacin,sad
sad298,zuluf_dokmus_yuze_feyzi_yagci,sad
